date,equity,bh_513100,bh_513870,holding,prem_diff,premium_513100,premium_513870
2024-02-19,99999.99999999999,99999.99999999999,100000.0,513100,1.2780348501623413,2.5216706067769925,1.2436357566146512
2024-02-20,99846.27209838585,99846.27209838585,99340.47815333883,513100,1.7580923547620968,3.095238095238089,1.3371457404759923
2024-02-21,98539.58493466565,98539.58493466565,98351.19538334708,513100,1.4897371478318766,2.232854864433814,0.7431177166019374
2024-02-22,100230.59185242122,100230.59185242122,99917.55976916735,513100,1.5437987197209493,0.9287925696594436,-0.6150061500615057
2024-02-23,101537.27901614142,101537.27901614142,101154.16323165705,513100,1.6409076558235673,2.5621118012422297,0.9212041454186624
2024-02-26,100538.0476556495,100538.0476556495,100494.64138499588,513100,1.3685004472963047,1.631701631701642,0.2632011844053373
2024-02-27,100384.31975403536,100384.31975403536,100494.64138499588,513100,1.1335514341753654,1.240310077519381,0.1067586433440156
2024-02-28,100614.91160645656,100614.91160645656,100824.40230832646,513100,1.068930635707979,2.0265003897116154,0.9575697540036364
2024-02-29,99923.13604919292,99923.13604919292,100164.88046166529,513100,0.983335107527202,0.386100386100395,-0.597234721426807
2024-03-01,101537.27901614142,101537.27901614142,101648.80461665292,513100,1.1293062531505078,0.532724505327237,-0.5965817478232709
2024-03-04,102920.8301306687,102920.8301306687,102720.52761747732,513100,1.463001102581691,2.370030581039749,0.907029478458058
2024-03-05,102152.19062259799,102152.19062259799,101896.12530915086,513100,1.600146555370887,3.5046728971962557,1.9045263418253688
2024-03-06,101767.87086856265,101767.87086856265,101071.7230008244,513100,2.0343748113524804,2.4767801857585163,0.4424053744060357
2024-03-07,101076.095311299,101076.095311299,100824.40230832646,513100,1.5279886955717186,0.2286585365853576,-1.299330158986361
2024-03-08,102767.10222905457,102767.10222905457,102638.08738664468,513100,1.4086915754292586,3.4829721362229047,2.074280560793646
2024-03-11,101229.82321291314,101229.82321291314,101154.16323165705,513100,1.3433480100146782,2.3310023310023333,0.9876543209876552
2024-03-12,101614.14296694851,101614.14296694851,101319.04369332234,513100,1.5333562562048122,1.225114854517612,-0.3082414016872002
2024-03-13,102229.05457340507,102229.05457340507,102225.88623248144,513100,1.31737917363466,2.7820710973724907,1.4646919237378306
2024-03-14,101767.87086856265,101767.87086856265,101896.12530915086,513100,1.1865196999739,2.5561580170410645,1.3696383170671644
2024-03-15,101152.95926210607,101152.95926210607,100906.8425391591,513100,1.5109766426959814,3.0540328895849767,1.5430562468889952
2024-03-18,101152.95926210607,101152.95926210607,100659.52184666117,513100,1.7412320382563196,2.094647013188529,0.3534149749322095
2024-03-19,100614.91160645656,100614.91160645656,100659.52184666117,513100,1.196465511041226,1.237432327919568,0.0409668168783422
2024-03-20,100999.23136049193,100999.23136049193,101154.16323165705,513100,1.0581971258182739,0.4587155963302756,-0.5994815294879983
2024-03-21,102767.10222905457,102767.10222905457,103050.2885408079,513100,0.9644844714626275,1.8278750952018297,0.8633906237392022
2024-03-22,102843.96617986164,102843.96617986164,103050.2885408079,513100,1.0725030379052307,1.749049429657805,0.6765463917525744
2024-03-25,102536.51037663336,102536.51037663336,102885.40807914261,513100,0.8814470706348965,1.7543859649122906,0.8729388942773941
2024-03-26,103074.55803228285,103074.55803228285,103215.1690024732,513100,1.1104920869110018,2.7586206896551753,1.6481286027441735
2024-03-27,103151.42198308994,103151.42198308994,103297.60923330583,513100,1.1165310448619934,2.4427480916030553,1.326217046741062
2024-03-28,102920.8301306687,102920.8301306687,103215.1690024732,513100,0.977092453407735,2.370030581039749,1.392938127632014
2024-03-29,102767.10222905457,102767.10222905457,103050.2885408079,513100,0.9861568043556286,2.2171253822629904,1.2309685779073618
2024-04-01,103305.14988470408,103305.14988470408,103792.25061830171,513100,0.825150669412168,2.5954198473282464,1.7702691779160784
2024-04-02,102997.69408147578,102997.69408147578,103462.48969497113,513100,0.7908580700174865,3.1562740569669088,2.3654159869494222
2024-04-03,101998.46272098385,101998.46272098385,102308.3264633141,513100,0.9562871795410872,1.9984627209838608,1.0421755414427736
2024-04-08,101921.59877017679,101921.59877017679,102308.3264633141,513100,0.8470401781889831,2.2359290670778824,1.3888888888888993
2024-04-09,102075.32667179093,102075.32667179093,102555.64715581202,513100,0.792892658569792,1.996927803379418,1.204035144809626
2024-04-10,102459.64642582629,102459.64642582629,102885.40807914261,513100,0.807059875899744,3.2532920216886168,2.4462321457888727
2024-04-11,101537.27901614142,101537.27901614142,101978.56553998351,513100,0.7828904861896114,0.6859756097560896,-0.0969148764335218
2024-04-12,103074.55803228285,103074.55803228285,103627.37015663642,513100,0.7260924617702877,3.9534883720930183,3.2273959103227305
2024-04-15,102152.19062259799,102152.19062259799,102473.20692497939,513100,0.9632104409667201,4.728132387706861,3.7649219467401407
2024-04-16,99385.08839354342,99385.08839354342,99835.11953833471,513100,0.8270342958297558,1.8110236220472369,0.983989326217481
2024-04-17,99308.22444273636,99308.22444273636,100000.0,513100,0.6069305739997168,3.030303030303033,2.423372456303316
2024-04-18,99077.63259031513,99077.63259031513,99670.23907666942,513100,0.6929241644915729,3.3680834001603697,2.6751592356687968
2024-04-19,97156.03382013836,97156.03382013836,97938.99422918382,513100,0.4817931191579867,3.4369885433715255,2.9551954242135388
2024-04-22,96541.12221368178,96541.12221368178,97114.59192085736,513100,0.7276601075389797,1.782820097244734,1.0551599897057542
2024-04-23,96771.71406610298,96771.71406610298,97526.7930750206,513100,0.5210983289450438,0.4788507581803675,-0.0422475707646763
2024-04-24,99077.63259031513,99077.63259031513,99835.11953833471,513100,0.4894485370380326,2.5457438345266534,2.056295297488621
2024-04-25,97463.48962336664,97463.48962336664,98186.31492168178,513100,0.5419993222636266,1.4400000000000013,0.8980006777363747
2024-04-26,99154.49654112221,99154.49654112221,99917.55976916735,513100,0.4696296025225939,1.4948859166011117,1.0252563140785178
2024-04-29,99769.40814757878,99769.40814757878,100494.64138499588,513100,0.5748898463221845,1.8039215686274617,1.2290317223052771
2024-04-30,99846.27209838585,99846.27209838585,100494.64138499588,513100,0.6105776738588826,3.8369304556354953,3.2263527817766127
2024-05-06,100076.86395080708,100076.86395080708,100906.8425391591,513100,0.42209659598299243,0.4629629629629633,0.0408663669799709
2024-05-07,101076.095311299,101076.095311299,101896.12530915086,513100,0.4278739555926925,1.466049382716042,1.0381754271233494
2024-05-08,101229.82321291314,101229.82321291314,102143.4460016488,513100,0.12123053257236172,1.6203703703703634,1.4991398377980016
2024-05-09,100999.23136049193,100999.23136049193,101978.56553998351,513100,0.09620909460023386,1.2326656394453015,1.1364565448450676
2024-05-10,101537.27901614142,101537.27901614142,102473.20692497939,513100,0.2085107761479359,1.5372790161414311,1.3287682399934952
2024-05-13,101921.59877017679,101921.59877017679,102885.40807914261,513100,0.404857190938845,1.6871165644171793,1.2822593734783343
2024-05-14,101921.59877017679,101921.59877017679,102967.84830997526,513100,0.3373469750875401,0.9900990099009996,0.6527520348134596
2024-05-15,102613.37432744043,102613.37432744043,103709.81038746907,513100,0.300843128870956,0.1500375093773444,-0.1508056194936116
2024-05-16,104381.24519600307,104381.24519600307,105358.61500412201,513100,0.4507929065425329,2.1052631578947385,1.6544702513522056
2024-05-17,104150.65334358186,104150.65334358186,105111.29431162405,513100,0.524377257111867,1.9563581640331096,1.4319809069212426
2024-05-20,104304.381245196,104304.381245196,105358.61500412201,513100,0.4003476568079838,1.4200298953662112,1.0196822385582274
2024-05-21,104842.42890084551,104842.42890084551,105853.25638911789,513100,0.3854999282520246,1.6393442622950831,1.2538443340430585
2024-05-22,105226.74865488085,105226.74865488085,106265.45754328111,513100,0.4639006883551138,2.0879940343027608,1.624093345947647
2024-05-23,106149.11606456571,106149.11606456571,107172.30008244023,513100,0.48760503683989675,3.368263473053887,2.88065843621399
2024-05-24,104381.24519600307,104381.24519600307,105688.3759274526,513100,0.2048146487842451,0.6671608598962282,0.4623462111119831
2024-05-27,105611.06840891622,105611.06840891622,106924.97938994228,513100,0.23931047732237531,1.8532246108228416,1.6139141335004663
2024-05-28,106072.25211375863,106072.25211375863,107337.18054410552,513100,0.27681541019954836,1.99556541019955,1.7187500000000016
2024-05-29,105611.06840891622,105611.06840891622,106924.97938994228,513100,0.2346593717701111,2.232142857142859,1.997483485372748
2024-05-30,104458.10914681014,104458.10914681014,105770.81615828523,513100,0.32677306354096336,2.257336343115126,1.9305632795741627
2024-05-31,103996.92544196772,103996.92544196772,105111.29431162405,513100,0.4464605364525196,1.8058690744921009,1.3594085380395813
2024-06-03,104458.10914681014,104458.10914681014,106018.13685078318,513100,0.07296246940606799,1.9504876219054783,1.8775251524994103
2024-06-04,104150.65334358186,104150.65334358186,105605.93569661994,513100,0.1774459991775177,1.3462976813762166,1.168851682198699
2024-06-05,104996.15680245965,104996.15680245965,106347.89777411376,513100,0.309153686251733,0.1466275659824048,-0.1625261202693282
2024-06-06,107071.48347425058,107071.48347425058,108491.34377576257,513100,0.2961177453510162,2.2010271460014694,1.9049094006504532
2024-06-07,107148.34742505764,107148.34742505764,108738.6644682605,513100,0.10934962639351076,2.3494860499265644,2.2401364235330536
2024-06-11,107225.21137586472,107225.21137586472,108738.6644682605,513100,0.21115213924920262,1.3071895424836613,1.0960374032344586
2024-06-12,108224.44273635664,108224.44273635664,109645.50700741961,513100,0.24684448515649315,0.8595988538681957,0.6127543687117025
2024-06-13,110376.63335895464,110376.63335895464,111871.39323990107,513100,0.2682991316015233,2.3521026372059812,2.083803505604458
2024-06-14,110299.76940814758,110299.76940814758,111871.39323990107,513100,0.1707735148120566,1.7730496453900804,1.6022761305780238
2024-06-17,110760.95311299001,110760.95311299001,112366.03462489694,513100,0.16001254016448374,0.9810791871058172,0.8210666469413335
2024-06-18,112221.36817832435,112221.36817832435,113767.51854905192,513100,0.2641817483369904,2.3125437981779897,2.0483620498409993
2024-06-19,112375.0960799385,112375.0960799385,113932.39901071721,513100,0.2639964001809916,2.4526979677645353,2.1887015675835437
2024-06-20,113143.73558800922,113143.73558800922,114756.80131904368,513100,0.1865648102430697,3.8814396612561706,3.694874851013101
2024-06-21,111452.72867025364,111452.72867025364,113025.55647155811,513100,0.19810284408433354,2.6185421089879632,2.4204392649036297
2024-06-24,110991.54496541122,110991.54496541122,112695.79554822753,513100,0.08541594873788805,3.3643521832498164,3.2789362345119284
2024-06-25,109838.58570330514,109838.58570330514,111376.75185490519,513100,0.18722968605167123,1.0608203677510697,0.8735906816993985
2024-06-26,111913.91237509607,111913.91237509607,113107.99670239077,513100,0.5204859969732758,2.6798307475317373,2.1593447505584615
2024-06-27,111837.04842428901,111837.04842428901,112778.23577906018,513100,0.7582086992710702,2.3926812104152027,1.6344725111441325
2024-06-28,113374.32744043044,113374.32744043044,113767.51854905192,513100,1.287341699534276,4.3878273177636276,3.1004856182293516
2024-07-01,113220.5995388163,113220.5995388163,113190.4369332234,513100,1.656282597051121,3.5864978902953695,1.9302152932442485
2024-07-02,113297.46348962336,113297.46348962336,113272.87716405606,513100,1.5973705457489087,2.574808629088373,0.9774380833394642
2024-07-03,115372.79016141429,115372.79016141429,115663.64385820279,513100,1.3099127568873787,3.5172413793103403,2.2073286224229616
2024-07-04,116064.56571867794,116064.56571867794,116817.80708985984,513100,0.9031940389997382,4.1379310344827624,3.2347369954830243
2024-07-05,117524.98078401228,117524.98078401228,117065.12778235777,513100,1.9793957251743408,4.43989071038251,2.4604949852081694
2024-07-08,119292.85165257494,119292.85165257494,117394.88870568835,513870,3.1875086327050943,5.7220708446866535,2.534562211981559
2024-07-09,119879.26314244015,120522.67486548808,117971.9703215169,513870,3.7896381329245523,6.7392784206943475,2.949640287769795
2024-07-10,119795.49007245939,118985.39584934665,117889.53009068425,513870,2.492032894765212,4.242424242424239,1.7503913476590265
2024-07-11,120968.31305218977,119523.44350499615,119043.69332234129,513870,1.9914002827606394,7.09366391184573,5.1022636290850905
2024-07-12,117282.29797303717,114681.01460415065,115416.32316570485,513100,0.8379836743032487,2.1917808219178103,1.3537971476145616
2024-07-15,120976.84757406446,118293.620292083,117312.44847485573,513100,2.364429733594716,5.122950819672129,2.7585210860774128
2024-07-16,120741.02525910528,118063.0284396618,117230.00824402306,513100,2.2268017470501316,4.846416382252556,2.6196146352024248
2024-07-17,119640.52112262907,116986.9331283628,116488.04616652925,513100,1.976586722716319,7.03234880450071,5.055762081784391
2024-07-18,117518.12028799637,114911.60645657187,114179.71970321516,513100,2.1332677628592145,5.653710247349828,3.5204424844906135
2024-07-19,115631.54176832284,113066.87163720216,112366.03462489694,513100,2.1234412520271464,4.921540656205433,2.798099404178287
2024-07-22,115002.682261765,112451.96003074558,111624.07254740314,513100,2.1742958334167914,2.73876404494383,0.5644682115270389
2024-07-23,116103.18639824122,113528.05534204458,112695.79554822753,513100,2.2017180459004484,4.087385482734324,1.8856674368338753
2024-07-24,113823.57068696905,111299.0007686395,111294.31162407255,513100,1.4396005481607874,5.847953216374258,4.40835266821347
2024-07-25,110600.66571586012,108147.57878554957,108161.58285243198,513100,1.346787212200082,3.991130820399116,2.644343608199034
2024-07-26,110757.88059249958,108301.30668716371,107831.8219291014,513100,1.8830852781422194,3.223443223443226,1.3403579453010068
2024-07-29,112958.88886545203,110453.49730976172,109150.86562242373,513100,2.656643239371089,4.96712929145362,2.310486052082531
2024-07-30,111622.5624140166,109146.81014604149,108491.34377576257,513100,2.0694325090762073,5.107327905255363,3.0378953961791555
2024-07-31,112330.02935889419,109838.58570330514,108244.02308326462,513100,2.906712641459201,2.7318475916606784,-0.1748650497985227
2024-08-01,115002.682261765,112451.96003074558,110799.67023907667,513870,3.0405347182919416,7.81134856300664,4.770813844714699
2024-08-02,109355.22911498189,107302.07532667178,105358.61500412201,513870,3.3795566368963397,5.358490566037732,1.9789339291413923
2024-08-05,101910.85905785872,98923.90468870099,98186.31492168178,513870,2.1095117520884927,0.0777604976671765,-2.0317512544213163
2024-08-06,105590.26035045982,102382.78247501922,101731.24484748556,513870,2.098072026994941,2.6194144838212656,0.5213424568263246
2024-08-07,106274.80012582747,102536.51037663336,102390.76669414673,513870,1.6297746979963001,3.8940809968847385,2.2643062988884384
2024-08-08,104563.45068740836,100999.23136049193,100741.96207749381,513870,1.6360895552506887,-0.8301886792452754,-2.466278234495964
2024-08-09,107558.31220464181,103766.3335895465,103627.37015663642,513870,1.5498428162183766,1.3513513513513524,-0.1984914648670241
2024-08-12,108328.41945193043,104919.29285165257,104369.33223413024,513870,1.9830280627301429,2.3238380809595136,0.3408100182293707
2024-08-13,108927.3917553771,105995.38816295157,104946.41384995876,513870,2.3965487311352027,0.8040935672514545,-1.5924551638837483
2024-08-14,110724.3086657172,108608.76249039201,106677.65869744435,513870,3.250818871686366,3.2894736842105208,0.038654812524155
2024-08-15,111237.71349724293,109300.53804765565,107172.30008244023,513870,3.3931260005911095,1.4989293361884304,-1.894196664402679
2024-08-16,114660.41237408118,112913.143735588,110469.90931574609,513870,3.710816555371472,4.629629629629642,0.9188130742581704
2024-08-19,113205.76535142491,110837.81706379708,109068.42539159108,513870,3.0623002650490365,1.4778325123152645,-1.584467752733772
2024-08-20,115344.95214944883,112836.27978478093,111129.43116240726,513870,3.030237841549753,3.672316384180794,0.642078542631041
2024-08-21,114745.97984600213,112913.143735588,110552.34954657871,513870,3.618879638613183,3.232607167955027,-0.3862724706581558
2024-08-22,115088.24973368595,113066.87163720216,110882.1104699093,513870,3.4973466211103235,5.221745350500728,1.7243987293904046
2024-08-23,114061.44007063447,111990.77632590315,109892.82769991754,513870,3.3526764163051164,2.8228652081863115,-0.529811208118805
2024-08-26,114318.14248639735,112221.36817832435,110140.14839241549,513870,3.3835493214884784,4.43490701001431,1.0513576885258318
2024-08-27,113291.33282334589,110837.81706379708,109150.86562242373,513870,2.9721798458915254,2.6334519572953683,-0.3387278885961572
2024-08-28,113633.60271102971,110837.81706379708,109480.62654575432,513870,2.769020153776575,3.965392934390767,1.1963727806141924
2024-08-29,111408.84844108485,108147.57878554957,107337.18054410552,513870,2.211719469611971,1.4419610670511909,-0.7697584025607803
2024-08-30,112264.52316029441,108916.21829362029,108161.58285243198,513870,2.110781120176369,1.0699001426533614,-1.0408809775230077
2024-09-02,112863.4954637411,109838.58570330514,108738.6644682605,513870,2.4415471604458885,2.0714285714285814,-0.3701185890173069
2024-09-03,113034.63040758301,109992.3136049193,108903.54492992579,513870,2.4859191337696376,5.375552282768774,2.889633148999136
2024-09-04,108756.2568115352,104227.51729438893,104781.53338829346,513100,0.8580343213728643,0.0,-0.8580343213728643
2024-09-05,109077.07172838338,104534.97309761721,104946.41384995876,513100,1.048701830836254,0.5173688100517455,-0.5313330207845085
2024-09-06,110039.51647892795,105457.34050730208,104534.21269579555,513100,2.35882284549676,4.255319148936174,1.8964963034394136
2024-09-09,109397.88664523157,104842.42890084551,103380.04946413849,513100,2.867040089085276,2.2488755622188923,-0.6181645268663837
2024-09-10,109718.70156207976,105149.88470407379,103874.69084913436,513100,2.6391475765307666,1.4084507042253618,-1.2306968723054046
2024-09-11,110440.53512498816,105841.66026133743,104699.09315746084,513100,2.4772645613396738,-0.1450326323422771,-2.622297193681951
2024-09-12,113969.49921031823,109223.67409684858,107914.26215993403,513100,2.6476698049225926,2.010050251256283,-0.6376195536663097
2024-09-13,115092.35141928686,110299.76940814758,108408.90354492991,513870,3.1800306436800905,2.793696275071644,-0.3863343686084466
2024-09-18,115004.8287185878,109454.26594926979,108326.46331409727,513870,2.470303382033477,3.1136857349746507,0.6433823529411736
2024-09-19,115880.05572557857,110684.08916218292,109150.86562242373,513870,2.8486331881117737,1.5514809590973215,-1.2971522290144522
2024-09-20,116230.14652837488,110914.68101460415,109480.62654575432,513870,2.748656889017852,2.485795454545465,-0.2628614344723873
2024-09-23,116755.28273256935,111375.86471944657,109975.2679307502,513870,2.713456134275697,2.765957446808521,0.0525013125328241
2024-09-24,116667.76003187026,110760.95311299001,109892.82769991754,513870,2.221066556634092,1.7655367231638512,-0.4555298334702408
2024-09-25,115967.57842627764,109915.4496541122,109233.30585325637,513870,1.952177612379424,1.2031139419674384,-0.7490636704119857
2024-09-26,118155.64594375459,111068.4089162183,111294.31162407255,513870,1.139434089569624,1.332398316970556,0.192964227400932
2024-09-27,116317.66922907393,108685.62644119907,109563.06677658696,513100,0.5500285597663217,0.0707714083510183,-0.4792571514153034
2024-09-30,115906.36205358217,108301.30668716371,109563.06677658696,513100,0.20056117234489357,-0.4943502824858682,-0.6949114548307618
2024-10-08,115412.79344299204,107840.12298232129,109150.86562242373,513100,0.190517646864667,-2.0251396648044633,-2.2156573116691303
2024-10-09,117387.06788535256,109684.857801691,110717.230008244,513100,0.4922295643661445,-0.9027777777777708,-1.3950073421439153
2024-10-10,118703.25084692624,110914.68101460415,112036.27370156636,513100,0.4066904567293347,0.0693481276005625,-0.3373423291287722
2024-10-11,118867.77371712295,111068.4089162183,112201.15416323165,513100,0.3915019677044145,0.0692520775623346,-0.3222498901420799
2024-10-14,118950.0351522213,111145.27286702536,112283.5943940643,513100,0.4276507967894626,-0.618556701030936,-1.0462074978203986
2024-10-15,121417.87820517195,113451.1913912375,113849.95877988458,513100,1.1399951232125751,2.7139874739039613,1.5739923506913862
2024-10-16,120019.43380849992,112144.50422751729,112778.23577906018,513100,0.9542361107246059,0.96885813148789,0.0146220207632841
2024-10-17,120759.7867243851,112836.27978478093,113190.4369332234,513100,1.1957107818091384,1.451278507256386,0.2555677254472478
2024-10-18,120019.43380849992,112144.50422751729,112778.23577906018,513100,0.9709037347790097,0.1372683596431023,-0.8336353751359075
2024-10-21,120183.95667869663,112298.23212913144,113025.55647155811,513100,0.8592825928383371,0.4814305364511773,-0.3778520563871598
2024-10-22,120019.43380849992,112144.50422751729,113272.87716405606,513100,0.5463350590799912,-0.0684931506849239,-0.6148282097649151
2024-10-23,120513.00241909006,112605.68793235972,113849.95877988458,513100,0.4453639398989844,1.8776077885952809,1.4322438486962965
2024-10-24,119196.81945751638,111375.86471944657,112778.23577906018,513100,0.25534882166498607,-0.1378359751895245,-0.3931847968545106
2024-10-25,119690.3880681065,111837.04842428901,113107.99670239077,513100,0.4137330333163835,0.0,-0.4137330333163835
2024-10-28,121171.0938998769,113220.5995388163,114591.92085737838,513100,0.35885207219821613,0.9595613433858816,0.6007092711876655
2024-10-29,120924.30959458182,112990.00768639507,114344.60016488045,513100,0.34842406742896004,-0.2036659877800484,-0.5520900552090084
2024-10-30,122075.96968595879,114066.10299769408,115333.8829348722,513100,0.40631650926263885,1.366120218579236,0.9598037093165972
2024-10-31,120019.43380849992,112144.50422751729,113025.55647155811,513100,0.7777236019716509,2.385964912280704,1.608241310309053
2024-11-01,118620.98941182788,110837.81706379708,111541.63231657048,513100,0.9081237903066479,0.6280530355896649,-0.280070754716983
2024-11-04,118703.25084692624,110914.68101460415,111953.83347073372,513100,0.5766195385700332,0.9090909090909176,0.3324713705208844
2024-11-05,118291.94367143446,110530.36126056878,111459.19208573784,513100,0.6562553449024231,-0.4844290657439527,-1.1406844106463758
2024-11-06,122487.27686145058,114450.42275172943,115498.7633965375,513100,0.6003286617491594,0.3369272237196843,-0.2634014380294751
2024-11-07,124379.28986871273,116218.29362029208,117147.56801319044,513100,0.7725659219939781,-0.5263157894736846,-1.2988817114676627
2024-11-08,125448.68852499133,117217.524980784,118466.61170651278,513100,0.4855855305149168,0.527356624917601,0.0417710944026842
2024-11-11,126189.04144087655,117909.30053804765,119291.01401483924,513100,0.4242064368165849,0.7222586999343481,0.2980522631177632
2024-11-12,126353.56431107325,118063.0284396618,119703.21516900246,513100,0.22987783985815713,0.8535784635587736,0.6237006237006165
2024-11-13,125613.21139518805,117371.25288239814,119043.69332234129,513100,0.182873943791671,0.328515111695131,0.14564116790346
2024-11-14,125777.73426538476,117524.98078401228,119126.13355317395,513100,0.2693475947535213,1.1912640635340843,0.921916468780563
2024-11-15,124214.76699851602,116064.56571867794,117559.76916735365,513100,0.3773159457326387,2.372881355932198,1.9955654101995592
2024-11-18,123309.89121243413,115219.06225980015,116652.92662819455,513100,0.38498164271357216,1.010781671159038,0.6258000284454659
2024-11-19,123721.19838792589,115603.38201383551,116735.36685902718,513100,0.6161289880734974,0.6020066889632038,-0.0141222991102936
2024-11-20,125119.64278459792,116910.06917755572,117724.64962901894,513100,0.9312752564368771,1.8072289156626449,0.8759536592257677
2024-11-21,124214.76699851602,116064.56571867794,116982.68755152513,513100,0.8605117375547611,0.7338225483655703,-0.1266891891891908
2024-11-22,125119.64278459792,116910.06917755572,117724.64962901894,513100,0.9488577927007027,1.2649800266311522,0.3161222339304495
2024-11-25,126353.56431107325,118063.0284396618,118796.37262984336,513100,0.9977557215661288,2.1276595744680873,1.1299038529019585
2024-11-26,126353.56431107325,118063.0284396618,118631.49216817807,513100,1.1545824359894734,1.5873015873015883,0.4327191513121149
2024-11-27,126682.61005146668,118370.48424289009,119043.69332234129,513100,1.1195499296765126,2.6666666666666687,1.5471167369901562
2024-11-28,125942.25713558147,117678.70868562644,118219.29101401483,513100,1.1701715574939917,2.1347565043362113,0.9645849468422196
2024-11-29,126024.51857067984,117755.57263643351,118301.73124484748,513100,1.1622152719381762,1.322751322751324,0.1605360508131478
2024-12-02,126682.61005146668,118370.48424289009,118961.25309150865,513100,1.130644181539434,0.7853403141361263,-0.3453038674033076
2024-12-03,128985.93023422062,120522.67486548808,120939.81863149216,513100,1.3389520318462627,2.149837133550498,0.8108851017042353
2024-12-04,129561.7602799091,121060.72252113758,121269.57955482275,513100,1.4981236713949715,1.4166130070830665,-0.0815106643119051
2024-12-05,130713.42037128606,122136.81783243657,122258.8623248145,513100,1.5898042712587046,2.714932126696835,1.1251278554381303
2024-12-06,130302.1131957943,121752.49807840123,122011.54163231656,513100,1.4396192768173488,1.4734144778987914,0.0337952010814427
2024-12-09,132440.91050835152,123750.9607993851,123413.02555647156,513100,2.001897312703752,4.005167958656334,2.003270645952582
2024-12-10,131371.5118520729,122751.72943889315,121764.22093981862,513100,2.482604895631138,3.432642487046627,0.9500375914154892
2024-12-11,131042.46611167949,122444.27363566487,121929.10140148392,513100,2.078643959814757,1.4003819223424585,-0.6782620374722985
2024-12-12,133016.74055404,124289.00845503458,123907.66694146741,513100,2.0379986790303963,3.6538461538461497,1.6158474748157534
2024-12-13,134003.87777522026,125211.37586471945,124319.86809563066,513100,2.413118074189174,3.560076287349018,1.146958213159844
2024-12-16,135649.10647718736,126748.65488086088,124979.38994229183,513870,3.154174978626389,3.3855799373040787,0.2314049586776898
2024-12-17,137886.064037827,127824.75019215987,127040.39571310798,513870,2.33297980722381,4.657016991818758,2.3240371845949483
2024-12-18,137975.5423402526,128670.25365103765,127122.83594394063,513870,3.1053710738210194,9.340300457217507,6.234929383396488
2024-12-19,134843.8017553571,125288.23981552651,124237.427864798,513870,2.6791558334477505,6.955380577427812,4.276224743980062
2024-12-20,131533.10456561044,122751.72943889315,121187.1393239901,513870,2.9976129712023907,3.9037085230969457,0.906095551894555
2024-12-23,135559.62817476178,126979.24673328208,124896.94971145918,513870,3.4451345799226694,6.443298969072156,2.998164389149487
2024-12-24,135828.06308203854,126671.79093005379,125144.27040395713,513870,2.9161074615619995,4.767959313413856,1.8518518518518563
2024-12-25,139586.15178391314,128132.20599538815,128606.76009892827,513870,1.2919072972024974,5.975842339478708,4.683935042276211
2024-12-26,140391.45650574338,128670.25365103765,129348.72217642207,513870,1.1623656540634935,6.556333545512412,5.393967891448918
2024-12-27,138691.36875965729,127747.8862413528,127782.3577906018,513870,1.6687375330620844,7.225806451612896,5.5570689185508115
2024-12-30,136454.41119901763,125980.01537279016,125721.35201978564,513870,1.9082315783587767,7.124183006535946,5.21595142817717
2024-12-31,135470.14987233622,125211.37586471945,124814.50948062654,513870,2.073440251617379,7.453825857519789,5.3803856059024096
2025-01-02,137259.7159208479,126287.47117601844,126463.31409727946,513870,1.6261595056082099,8.592200925313955,6.966041419705745
2025-01-03,136007.01968688972,125518.83166794773,125309.15086562242,513870,1.8697604789085043,6.107862248213132,4.2381017693046275
2025-01-06,139675.6300863387,128285.93389700231,128689.2003297609,513870,1.4288830620356352,7.331189710610938,5.902306648575303
2025-01-07,138333.45554995493,127517.2943889316,127452.59686727122,513870,1.77584056803172,8.573298429319372,6.797457861287652
2025-01-08,136901.80271114557,126210.60722521137,126133.55317394888,513870,1.8269301673917697,7.460732984293187,5.633802816901417
2025-01-09,136096.49798931528,125749.42352036893,125391.59109645506,513870,2.0483845837672767,7.068062827225123,5.019678243457847
2025-01-10,135649.10647718736,125288.23981552651,124979.38994229183,513870,2.0364698999450654,8.377659574468076,6.341189674523011
2025-01-13,132606.84419471747,122367.4096848578,122176.42209398185,513870,1.8479206248680677,6.133333333333338,4.2854127084652704
2025-01-14,134664.84515050592,123827.82475019216,124072.5474031327,513870,1.4902589213212654,7.543391188251,6.053132266929735
2025-01-15,133143.71400927097,123059.18524212144,122671.06347897773,513870,2.01751931429726,4.503916449086159,2.486397134788899
2025-01-16,136722.8461062944,125826.28747117601,125968.67271228359,513870,1.647923658871516,7.626561472715326,5.97863781384381
2025-01-17,136364.93289659204,125288.23981552651,125638.911788953,513870,1.4017875801241124,5.365223012281834,3.963435432157721
2025-01-20,138154.49894510375,126518.06302843965,127287.71640560593,513870,1.0573255391029646,6.399482870071105,5.34215733096814
2025-01-21,137886.064037827,126594.92697924672,127040.39571310798,513870,1.3197194395521787,6.121134020618555,4.801414581066377
2025-01-22,138512.4121548061,127363.56648731744,127617.47732893651,513870,1.4935850430803779,5.40712468193384,3.913539638853462
2025-01-23,137438.67252569908,126287.47117601844,126628.19455894476,513870,1.3849416848766865,4.251269035532991,2.866327350656305
2025-01-24,137886.064037827,126364.3351268255,127040.39571310798,513870,1.1078528328142112,4.913848117421823,3.805995284607612
2025-01-27,135201.71496505945,124135.28055342044,124567.1887881286,513870,1.3340161088737679,6.249999999999998,4.91598389112623
2025-02-05,135112.23666263386,123904.68870099924,124484.74855729596,513870,1.1763193809035748,3.4659820282413376,2.289662647337763
2025-02-06,136722.8461062944,125057.6479631053,125968.67271228359,513100,0.9303150161965976,3.895274584929754,2.9649595687331565
2025-02-07,136386.71126645102,124750.19215987701,125638.911788953,513100,0.9532913298217585,4.980595084087966,4.027303754266208
2025-02-10,134958.13819711667,123443.5049961568,124649.62901896125,513100,0.6849333656993679,2.619808306709275,1.9348749410099069
2025-02-11,135042.1719070775,123520.36894696386,124979.38994229183,513100,0.45899769565695614,2.9468289557975686,2.4878312601406125
2025-02-12,135210.2393269992,123674.096848578,124814.50948062654,513100,0.7669315337039544,3.008962868117793,2.2420313344138387
2025-02-13,135966.5427166468,124365.87240584166,125061.83017312447,513100,1.0967972525679617,2.082018927444804,0.9852216748768424
2025-02-14,136890.91352621609,125211.37586471945,126215.99340478152,513100,0.8497693410565184,2.388434946574484,1.5386656055179655
2025-02-17,136974.94723617693,125288.23981552651,126545.7543281121,513100,0.6982650587129995,2.5157232704402395,1.81745821172724
2025-02-18,138067.38546566793,126287.47117601844,127370.15663643857,513100,0.8170946496446136,3.07402760351317,2.2569329538685565
2025-02-19,137479.149495942,125749.42352036893,126875.51525144269,513100,0.7713531296745668,2.5705329153604968,1.79917978568593
2025-02-20,136302.67755649018,124673.32820906995,126133.55317394888,513100,0.5307778812902697,2.205419029615636,1.6746411483253665
2025-02-21,135378.3067469209,123827.82475019216,125556.47155812035,513100,0.3156192488440084,3.667953667953664,3.352334419109656
2025-02-24,133613.59883774316,122213.68178324366,123577.90601813685,513100,0.5764682907567549,3.5156250000000027,2.939156709243248
2025-02-25,131512.75608872203,120292.08301306686,121516.90024732068,513100,0.6891675581819077,3.164139749505606,2.4749721913236984
2025-02-26,131176.62124887866,119984.62720983858,120939.81863149216,513100,0.8679175961255665,2.62984878369494,1.7619311875693735
2025-02-27,132016.9583484871,120753.2667179093,121352.01978565539,513100,1.2350401279178342,6.220419202163614,4.98537907424578
2025-02-28,126974.9357508364,116141.429669485,117312.44847485573,513100,0.665611486456989,0.5322687957418502,-0.1333426907151388
2025-03-03,129579.9807596226,118524.21214450423,119785.65539983512,513100,0.6430980227349554,4.897959183673474,4.2548611609385185
2025-03-04,127311.07059067978,116448.88547271329,117230.00824402306,513100,1.007668980813535,3.4129692832764382,2.405300302462903
2025-03-05,128823.67736997499,117832.43658724058,117147.56801319044,513100,2.299683366480831,3.301886792452826,1.0022034259719952
2025-03-06,128907.71107993585,117909.30053804765,117147.56801319044,513100,2.4601798527511116,6.380027739251045,3.9198478864999338
2025-03-07,126050.56494126712,115295.92621060723,114591.92085737838,513100,2.363859568861576,3.2346868547832024,0.8708272859216264
2025-03-10,125714.43010142374,114988.47040737893,114591.92085737838,513100,2.1069779426589026,6.933523945675481,4.8265460030165785
2025-03-11,120000.1378240863,109761.72175249807,110799.67023907667,513100,0.7321975684483626,2.3655913978494563,1.6333938294010937
2025-03-12,120336.27266392967,110069.17755572636,110634.78977741138,513100,1.1487610541984035,1.560283687943264,0.4115226337448605
2025-03-13,119664.0029842429,109454.26594926979,110469.90931574609,513100,0.7482418607438288,2.890173410404627,2.1419315496607982
2025-03-14,120840.47492369474,110530.36126056878,110634.78977741138,513100,1.6260666503693937,1.4104372355430197,-0.2156294148263739
2025-03-17,121260.64347349897,110914.68101460415,111129.43116240726,513100,1.4999844193075853,1.2631578947368431,-0.2368265245707422
2025-03-18,122269.04799302912,111837.04842428901,112201.15416323165,513100,1.4187013223330642,3.7803138373751897,2.3616125150421254
2025-03-19,121260.64347349897,110914.68101460415,111046.99093157459,513100,1.5602917759117634,1.6197183098591643,0.0594265339474009
2025-03-20,123949.722192246,113374.32744043044,113025.55647155811,513100,2.0386659408830985,4.0931545518701515,2.054488610987053
2025-03-21,123361.48622252008,112836.27978478093,112366.03462489694,513100,2.174600180180805,3.2348804500703263,1.0602802698895215
2025-03-24,125882.49752134543,115142.19830899307,114262.1599340478,513100,2.5237875761100903,3.097040605643491,0.5732530295334007
2025-03-25,127143.0031707581,116295.15757109915,115993.40478153338,513100,2.0074196645564486,3.5592060232717193,1.5517863587152707
2025-03-26,126722.83462095387,115910.83781706379,115910.96455070072,513100,1.740015378120705,5.160390516039056,3.4203751379183513
2025-03-27,124537.95816197191,113912.37509607994,113767.51854905192,513100,1.8912319644839046,3.999999999999996,2.1087680355160914
2025-03-28,123949.722192246,113374.32744043044,112860.67600989282,513100,2.2485601179101744,6.268011527377536,4.0194514094673615
2025-03-31,118571.56475475193,108455.03458877787,108656.22423742786,513100,1.535516914964143,1.6570605187319982,0.1215436037678552
2025-04-01,120672.40750377305,110376.63335895464,110222.58862324813,513100,1.8987587557966372,2.644746247319508,0.7459874915228709
2025-04-02,121176.60976353812,110837.81706379708,110717.230008244,513100,1.8507806509295572,2.269503546099293,0.418722895169736
2025-04-03,118739.63217467364,108608.76249039201,108491.34377576257,513100,1.8796713488085262,5.763473053892212,3.8838017050836857
2025-04-07,106890.87907019453,97770.94542659492,97609.23330585324,513100,1.8451650088035128,1.0325655281969917,-0.812599480606521
2025-04-08,110840.46343835421,101383.55111452728,101401.48392415498,513100,1.7990583951242698,6.8016194331983675,5.002561038074098
2025-04-09,109243.82294909818,99923.13604919292,98763.3965375103,513100,2.736270025939927,-6.001446131597973,-8.7377161575379
2025-04-10,120084.17153404714,109838.58570330514,108656.22423742786,513870,3.014900982585903,7.767722473604826,4.752821491018922
2025-04-11,118353.06435715267,108608.76249039201,107089.85985160757,513870,3.2552357832554497,4.589193190229464,1.3339574069740143
2025-04-14,120630.8369583296,110069.17755572636,109150.86562242373,513870,2.6961411593783584,5.371596762325235,2.675455602946877
2025-04-15,119264.17339762344,108839.35434281321,107914.26215993403,513870,2.6861326658821403,4.04114621601763,1.3550135501354896
2025-04-16,117168.62260454068,106764.02767102228,106018.13685078318,513870,2.585401867666998,5.227272727272723,2.641870859605725
2025-04-17,117259.73350858776,106840.89162182935,106100.57708161582,513870,2.5157129961059286,5.30303030303029,2.7873173069243617
2025-04-18,116621.95718025822,106149.11606456571,105523.4954657873,513870,2.4477746737647035,4.70053070507961,2.252756031314907
2025-04-21,115073.0718114579,105226.74865488085,104122.0115416323,513870,2.9061815004307068,6.371406371406377,3.4652248709756703
2025-04-22,114981.96090741084,105380.47655649499,104039.57131079966,513870,3.0667352177635085,3.7850113550340687,0.7182761372705603
2025-04-23,118990.84068548222,108762.49039200615,107666.9414674361,513870,2.8889902390764464,4.7372316802368655,1.848241441160419
2025-04-24,117806.39893287022,107455.80322828592,106595.2184666117,513870,2.5874920604924996,0.7204610951008652,-1.8670309653916344
2025-04-25,122361.94413522405,110991.54496541122,110717.230008244,513870,2.0156069484097223,2.8490028490028516,0.8333959005931292
2025-04-28,122635.2768473653,111299.0007686395,110964.55070074197,513870,2.0880377340527057,3.2074126870990685,1.1193749530463628
2025-04-29,122544.1659433182,111145.27286702536,110882.1104699093,513870,2.0174089916671156,2.480510276399711,0.4631012847325951
2025-04-30,122817.49865545945,111145.27286702536,111129.43116240726,513870,1.840937084443947,2.407932011331447,0.5669949268875001
2025-05-06,124184.16221616558,111990.77632590315,112366.03462489694,513870,1.4626724297038294,2.0308123249299816,0.5681398952261522
2025-05-07,124639.71673640098,112375.0960799385,112778.23577906018,513870,1.4724585318038783,2.0237264480111596,0.5512679162072813
2025-05-08,126097.49120115419,114142.96694850115,114097.2794723825,513870,1.837246393373546,2.4844720496894435,0.6472256563158976
2025-05-09,126370.82391329543,114219.83089930822,114344.60016488045,513870,1.7100941486574663,2.553485162180809,0.8433910135233427
2025-05-12,128466.37470637819,116525.74942352036,116240.72547403131,513870,2.00960288151402,0.597213005972138,-1.412389875541882
2025-05-13,129559.70555494311,116986.9331283628,117230.00824402306,513870,1.55431232842734,-0.457815565729228,-2.012127894156568
2025-05-14,133021.91990873203,120368.94696387394,120362.73701566363,513870,1.8045330615497022,1.8867924528301976,0.0822593912804954
2025-05-15,132657.47629254372,119830.89930822443,120032.97609233305,513870,1.6598696653438874,1.36540962288686,-0.2944600424570274
2025-05-16,132748.58719659082,119984.62720983858,120115.4163231657,513870,1.6698481769603835,1.035598705501619,-0.6342494714587645
2025-05-19,131928.5890601671,118908.53189853957,119373.45424567188,513870,1.373298102113168,0.0646830530400963,-1.3086150490730717
2025-05-20,133386.36352492034,120215.2190622598,120692.49793899422,513870,1.4284914866270457,1.5584415584415598,0.1299500718145142
2025-05-21,132293.03267635542,119062.25980015371,119703.21516900246,513870,1.2562934613672732,1.9078947368421,0.6516012754748269
2025-05-22,131655.2563480259,118293.620292083,119126.13355317395,513870,1.1211093988229528,1.183431952662723,0.0623225538397703
2025-05-23,131199.7018277905,117909.30053804765,118713.93239901071,513870,1.162708200306344,1.7916390179163997,0.6289308176100556
2025-05-26,131655.2563480259,118601.07609531129,119126.13355317395,513870,1.3513257354015151,2.4568393094289456,1.1055135740274304
2025-05-27,132110.81086826127,119139.1237509608,119538.33470733717,513870,1.4818557165524284,0.5188067444876787,-0.9630489720647496
2025-05-28,133295.25262087327,120522.67486548808,120610.05770816158,513870,1.7335151016301935,2.0833333333333353,0.3498182317031418
2025-05-29,135481.9143180031,122136.81783243657,122588.62324814509,513870,1.483190847616146,3.2488628979857084,1.7656720503695624
2025-05-30,132748.58719659082,119600.30745580322,120115.4163231657,513870,1.4117775606746084,1.3020833333333344,-0.109694227341274
2025-06-03,133386.36352492034,120061.49116064566,120692.49793899422,513870,1.2694030483888095,0.1282051282051283,-1.1411979201836813
2025-06-04,134753.0270856265,121060.72252113758,121929.10140148392,513870,1.1274815441970616,0.7033248081841368,-0.4241567360129248
2025-06-05,134753.0270856265,120753.2667179093,121929.10140148392,513100,0.8821586756326982,1.28949065119278,0.4073319755600817
2025-06-06,134409.9258072417,120445.810914681,121764.22093981862,513100,0.7630636297645982,0.0638569604086775,-0.6992066693559207
2025-06-09,134753.0270856265,120753.2667179093,122258.8623248145,513100,0.6039478146589594,0.1274697259400893,-0.4764780887188701
2025-06-10,134753.0270856265,120753.2667179093,122588.62324814509,513100,0.3335742814085404,-0.5066497783407224,-0.8402240597492628
2025-06-11,135267.6790032037,121214.45042275172,123083.26463314098,513100,0.28776956980992296,0.2542911633820727,-0.0334784064278503
2025-06-12,134753.0270856265,120753.2667179093,122753.50370981038,513100,0.20385282172185282,-0.3172588832487383,-0.5211117049705911
2025-06-13,133294.84665249113,119446.57955418908,121434.46001648804,513100,0.19975794436901423,-0.0643086816720186,-0.2640666260410328
2025-06-16,134409.9258072417,120445.810914681,122341.30255564714,513100,0.2507191138872269,-0.6970849176172447,-0.9478040315044716
2025-06-17,134924.5777248189,120906.99461952344,122835.94394064302,513100,0.24927499177460177,0.7687379884689309,0.5194629966943292
2025-06-18,134495.7011268379,120522.67486548808,122588.62324814509,513100,0.1584190277039681,0.4484304932735501,0.290011465569582
2025-06-19,133723.72325047213,119830.89930822443,121846.66117065126,513100,0.1417825349852729,-0.1281229980781551,-0.269905533063428
2025-06-20,133981.04920926073,120061.49116064566,122011.54163231656,513100,0.24734263380401095,0.5795235028976252,0.3321808690936143
2025-06-23,133723.72325047213,119830.89930822443,121681.78070898597,513100,0.30539927462866445,-0.7006369426751669,-1.0060362173038313
2025-06-24,136811.63475593523,122598.00153727901,124484.74855729596,513100,0.2974387399454086,0.1255492780916511,-0.1718894618537575
2025-06-25,136811.63475593523,122598.00153727901,124649.62901896125,513100,0.2011956011400466,-0.062656641604017,-0.2638522427440636
2025-06-26,137497.83731270483,123212.91314373558,125226.71063478976,513100,0.2322328242104344,-0.4347826086956595,-0.6670154329060939
2025-06-27,138870.242426244,124442.73635664873,126463.31409727946,513100,0.2083598430519977,0.1236858379715523,-0.0846740050804454
2025-06-30,139727.99562220596,125211.37586471945,127122.83594394063,513100,0.3269704371697315,0.1845018450184571,-0.1424685921512744
2025-07-01,139127.5683850326,124673.32820906995,126875.51525144269,513100,0.048528590487595724,0.6828057107386791,0.6342771202510834
2025-07-02,139213.3437046288,124750.19215987701,126710.6347897774,513100,0.2466251298027016,0.0,-0.2466251298027016
2025-07-03,139470.66966341736,124980.78401229822,127205.27617477327,513100,0.08375203464231828,-0.7326007326007333,-0.8163527672430516
2025-07-04,140328.42285937935,125749.42352036893,127864.79802143444,513100,0.19923663882533513,-0.1221001221001222,-0.3213367609254573
2025-07-07,140242.64753978315,125672.55956956187,127782.3577906018,513100,0.15521221276616326,0.6153846153846159,0.4601724026184526
2025-07-08,140328.42285937935,125749.42352036893,127947.2382522671,513100,0.13591771292566834,0.6150061500615012,0.4790884371358328
2025-07-09,139813.77094180215,125288.23981552651,127535.03709810386,513100,0.07083329703373065,-0.4884004884004888,-0.5592337854342194
2025-07-10,140585.74881816795,125980.01537279016,128194.55894476503,513100,0.09651925254400709,0.2446483180428136,0.1481290654988065
2025-07-11,140071.09690059075,125518.83166794773,127864.79802143444,513100,-0.0323545334711421,0.122624156958921,0.1549786904300631
2025-07-14,139213.3437046288,124750.19215987701,127205.27617477327,513100,-0.09316018642892654,-0.7946210268948595,-0.7014608404659329
2025-07-15,141357.72669453372,126671.79093005379,129018.96125309149,513100,0.03209444083480795,0.6105006105006111,0.5784061696658032
2025-07-16,140499.97349857172,125903.15142198307,128194.55894476503,513100,0.02254980844395188,-0.182815356489952,-0.2053651649339039
2025-07-17,141529.27733372612,126825.51883166794,129183.84171475678,513100,0.0159515000242159,-0.0605693519079413,-0.0765208519321572
2025-07-18,142558.58116888048,127747.8862413528,129925.80379225062,513100,0.16246847011998156,0.6662628709872743,0.5037944008672928
2025-07-21,142558.58116888048,127747.8862413528,129925.80379225062,513100,0.1521977539081124,0.1204819277108435,-0.0317158261972689
2025-07-22,142644.35648847668,127824.75019215987,130008.24402308324,513100,0.15613863090093694,0.7878787878787954,0.6317401569778585
2025-07-23,142387.03052968808,127594.15833973866,129843.36356141795,513100,0.1016679689995641,0.2415458937198069,0.1398779247202428
2025-07-24,142644.35648847668,127824.75019215987,130008.24402308324,513100,0.1776573252188565,0.2411091018685957,0.0634517766497392
2025-07-25,142901.68244726528,128055.34204458108,130585.32563891179,513100,-0.1139404519103016,0.1201923076923078,0.2341327596026094
2025-07-28,144445.63819999684,129438.89315910837,131657.04863973617,513100,0.15419803916532948,0.7779772591262657,0.6237792199609362
2025-07-29,144359.86288040064,129362.0292083013,131657.04863973617,513100,0.1294673498959621,0.8992805755395757,0.7698132256436137
2025-07-30,144102.53692161205,129131.43735588009,131327.28771640558,513100,0.1987127840031362,0.6590772917914859,0.4603645077883497
2025-07-31,146161.14459192078,130976.1721752498,133305.85325638912,513100,0.07507049009227851,2.5270758122743704,2.452005322182092
2025-08-01,143330.55904524628,128439.66179861645,130585.32563891179,513100,0.2196259040750732,2.5782688766114203,2.358642972536347
2025-08-04,141357.72669453372,126671.79093005379,128689.2003297609,513100,0.2890713153634322,-0.543150271575143,-0.8322215869385752
2025-08-05,144016.76160201585,129054.57340507302,130997.52679307501,513100,0.39388750584362153,2.1289537712895465,1.735066265445925
2025-08-06,143244.78372565005,128362.79784780937,130090.68425391591,513100,0.5496544438736963,0.2400960384153664,-0.3095584054583299
2025-08-07,144445.63819999684,129438.89315910837,131244.84748557294,513100,0.49164828238260033,0.838323353293414,0.3466750709108137
2025-08-08,145046.0654371702,129976.94081475788,131739.48887056884,513100,0.5116954088724625,0.2371072910491999,-0.2745881178232626
2025-08-11,146504.24587030557,131283.6279784781,133058.53256389117,513100,0.5606724881848915,1.6061867935752476,1.0455143053903562
2025-08-12,146075.3692723246,130899.30822444274,132728.7716405606,513100,0.48492710649864246,-0.0586854460093832,-0.5436125525080256
2025-08-13,147619.32502505617,132282.85933897,134212.6957955482,513100,0.4326922850086192,1.0569583088667067,0.6242660238580875
2025-08-14,147276.22374667137,131975.40353574173,133965.3751030503,513100,0.34926957556957683,0.8813160987074103,0.5320465231378335
2025-08-15,147705.10034465234,132359.7232897771,134377.5762572135,513100,0.36032482646272124,1.6528925619834725,1.2925677355207512
2025-08-18,146675.79650949797,131437.35588009222,133388.29348722176,513100,0.38850131604498717,1.0041346721795572,0.61563335613457
2025-08-19,146075.3692723246,130899.30822444274,133058.53256389117,513100,0.2554958149497961,1.9760479041916252,1.7205520892418291
2025-08-20,144445.63819999684,129438.89315910837,131244.84748557294,513100,0.4975090211662555,1.384708007224558,0.8871989860583024
2025-08-21,144960.290117574,129900.0768639508,131162.4072547403,513100,0.9471103847868028,2.362204724409444,1.4150943396226414
2025-08-22,143759.43564322725,128823.98155265179,130008.24402308324,513100,0.9944542855503085,-0.0596302921884384,-1.0540845777387469
2025-08-25,145646.4926743436,130514.98847040736,131739.48887056884,513100,0.9300983165581667,1.7375674056321098,0.8074690890739431
2025-08-26,144960.290117574,129900.0768639508,131244.84748557294,513100,0.8667193699583715,0.835322195704058,-0.0313971742543136
2025-08-27,146161.14459192078,130976.1721752498,132399.01071723,513100,0.8255811146916566,1.6100178890876515,0.7844367743959949
2025-08-28,145217.6160763626,130130.66871637202,131904.3693322341,513100,0.5213210963351392,0.4151838671411695,-0.1061372291939697
2025-08-29,145131.8407567664,130053.80476556494,132151.69002473206,513100,0.2685614294111913,1.6216216216216166,1.3530601922104253
2025-09-01,143502.10968443868,128593.38970023059,130750.20610057708,513100,0.198999030891981,0.4201680672268978,0.2211690363349168
2025-09-02,143759.43564322725,128823.98155265179,130915.08656224237,513100,0.2706759873139992,1.3914095583786998,1.1207335710647006
2025-09-03,143759.43564322725,128823.98155265179,130502.88540807914,513100,0.6065568163972049,0.6002400960384159,-0.006316720358789
2025-09-04,144274.08756080444,129285.16525749423,131079.96702390767,513100,0.4791038566418499,0.0594883997620398,-0.4196154568798101
2025-09-05,145903.8186331322,130745.5803228286,132728.7716405606,513100,0.3437929908518119,1.069518716577541,0.7257257257257291
2025-09-08,145474.9420351512,130361.26056879322,132481.45094806264,513100,0.2304189938985053,0.3550295857988169,0.1246105919003116
2025-09-09,145903.8186331322,130745.5803228286,132728.7716405606,513100,0.3945861273878305,0.4132231404958747,0.0186370131080442
2025-09-10,146761.57182909417,131514.2198308993,133388.29348722176,513100,0.4810830469678399,0.8844339622641584,0.4033509152963185
2025-09-11,146504.24587030557,131283.6279784781,133388.29348722176,513100,0.2715066666714863,0.1172332942555686,-0.1542733724159177
2025-09-12,147018.89778788277,131744.81168332053,133800.49464138498,513100,0.3565421422428881,0.1168224299065421,-0.239719712336346
2025-09-15,148133.97694263334,132744.04304381245,134542.4567188788,513100,0.5087536471767076,-0.057870370370364,-0.5666240175470716
2025-09-16,148905.9548189991,133435.81860107608,135614.1797197032,513100,0.2899717712668014,0.6376811594202839,0.3477093881534825
2025-09-17,148305.52758182574,132897.7709454266,135037.09810387468,513100,0.31811087668919424,0.4648460197559562,0.1467351430667619
2025-09-18,149592.1573757687,134050.73020753267,135696.61995053585,513100,0.6989446038075336,0.2875215641173027,-0.411423039690231
2025-09-19,150192.58461294207,134588.77786318216,136191.26133553172,513100,0.7415772714447755,-0.0570776255707826,-0.798654897015558
2025-09-22,151908.09100486603,136126.0568793236,137262.98433635614,513100,1.1054935795277554,0.567859170925611,-0.5376344086021444
2025-09-23,154395.57527315576,138355.11145272866,138829.3487221764,513100,1.6246429504828641,3.033772180881507,1.409129230398643
2025-09-24,153108.9454792128,137202.15219062258,138169.82687551522,513100,1.2545856797483455,2.4684270952927627,1.2138414155444173
2025-09-25,152594.2935616356,136740.96848578015,137345.42456718878,513100,1.4889000904786736,2.476958525345618,0.9880584348669444
2025-09-26,152680.0688812318,136817.83243658722,136933.22341302555,513100,1.8591043533704064,2.0642201834862406,0.2051158301158343
2025-09-29,154395.57527315576,138355.11145272866,138004.94641384995,513100,2.2077922077922154,2.85714285714286,0.6493506493506446
2025-09-30,155510.65442790632,139354.3428132206,138499.5877988458,513100,2.5838959916112585,3.363740022805014,0.7798440311937552
2025-10-09,158770.11657256185,142275.1729438893,141220.11541632315,513100,2.7189361950863753,3.6974789915966424,0.9785427965102672
2025-10-10,159542.09444892762,142966.94850115295,141384.99587798846,513870,3.241440714355143,8.076699593259733,4.83525887890459
2025-10-13,157216.40794092574,140584.16602613372,139323.99010717229,513870,2.930578962637512,4.097894137734779,1.1673151750972672
2025-10-14,155262.8312742042,139123.75096079937,137592.74525968672,513870,3.074875096791013,3.66552119129439,0.590646094503377
2025-10-15,156937.3255599655,140276.71022290544,139076.66941467434,513870,2.8401698716486976,3.87023335230507,1.0300634806563724
2025-10-16,157960.62762348633,141275.9415833974,139983.51195383345,513870,2.9300806583231056,5.028571428571433,2.0984907702483273
2025-10-17,155262.8312742042,138893.15910837817,137592.74525968672,513870,2.8750899178222875,2.6121521862578105,-0.2629377315644771
2025-10-20,158611.81984572686,142890.08455034587,140560.59356966199,513870,3.655589804969619,4.20403587443946,0.5484460694698405
2025-10-21,160007.23175052798,143966.1798616449,141797.1970321517,513870,3.553808406104168,5.106621773288438,1.5528133671842703
2025-10-22,161774.7534966094,144734.8193697156,143363.56141797197,513870,3.0193825122539186,6.685552407932017,3.666169895678099
2025-10-23,161402.6436553291,144734.8193697156,143033.8004946414,513870,3.262169618701695,5.84598088813941,2.583811269437715
2025-10-24,164379.52238557147,146195.23443504996,145671.88788128603,513870,2.3964567343466503,5.784204671857612,3.387747937510962
2025-10-27,169216.95032221533,150345.88777863182,149958.77988458367,513870,2.349354673028821,6.943685073810826,4.594330400782005
2025-10-28,169682.08762381572,150730.20753266718,150370.9810387469,513870,2.309167199697102,6.460369163952226,4.151201964255124
2025-10-29,173124.10365565846,153727.90161414296,153421.26957955482,513870,2.2612192444975925,8.108108108108103,5.846888863610511
2025-10-30,170891.44460797668,152574.9423520369,151442.70403957128,513870,2.8730621701061017,8.886450905101489,6.013388734995387
2025-10-31,170705.38968733652,152344.35049961568,151277.823577906,513870,2.8248882220434757,8.187772925764188,5.362884703720712
2025-11-03,170426.30730637631,151883.16679477325,151030.50288540806,513870,2.6397462255778015,7.391304347826082,4.75155812224828
2025-11-04,167728.51095709414,149116.06456571867,148639.73619126133,513870,2.4165045557339857,7.658157602663701,5.241653046929716
2025-11-05,165681.9068300525,146963.87394312068,146826.0511129431,513870,2.0938063853807454,5.286343612334794,3.1925372269540486
2025-11-06,168844.84048093503,149807.8401229823,149629.01896125308,513870,2.224878476372621,9.494382022471912,7.269503546099291
2025-11-07,167077.31873485362,147886.24135280552,148062.6545754328,513870,1.9690454809854065,8.455467869222092,6.486422388236686
2025-11-10,169961.17000477592,149961.56802459646,150618.30173124484,513870,1.59633031981212,7.552370452039692,5.956040132227572
2025-11-11,170705.38968733652,150576.47963105302,151277.823577906,513870,1.6222869824053783,8.351769911504425,6.7294829290990466
2025-11-12,172007.77413181757,151729.4388931591,152431.98680956307,513870,1.6395795699827476,9.302325581395344,7.6627460114125965
2025-11-13,171728.69175085737,151806.30284396617,152184.66611706512,513870,1.8903171247641222,11.581920903954806,9.691603779190684
2025-11-14,167449.42857613394,147809.37740199847,148392.41549876338,513870,1.7049042985113108,8.644067796610171,6.939163498098861
2025-11-17,167077.31873485362,146733.28209069945,148062.6545754328,513870,1.1591339400075782,8.774928774928783,7.615794834921205
2025-11-18,160937.5063537287,141737.12528823983,142621.59934047813,513870,1.4275810620257614,6.282420749279538,4.854839687253777
2025-11-19,161123.56127436887,141122.21368178324,142786.47980214344,513100,0.8461139346179953,5.214899713467046,4.368785778849051
2025-11-20,167354.37437375894,146579.55418908532,147897.77411376752,513100,1.1819098975370732,11.847507331378296,10.665597433841222
2025-11-21,162176.65644609678,142044.5810914681,143033.8004946414,513100,1.3769072058020067,7.62958648806057,6.252679282258564
2025-11-24,162878.71989391537,142659.49269792467,144270.40395713106,513100,0.9108123417167713,5.39466212379331,4.483849782076539
2025-11-25,166476.7950639857,145810.9146810146,147403.13272877163,513100,0.9451571346326118,7.11462450592886,6.169467371296248
2025-11-26,169109.53299330545,148116.83320522675,149793.89942291836,513100,0.8927934936569972,7.894736842105264,7.0019433484482665
2025-11-27,168934.0171313508,147963.1053036126,149134.3775762572,513100,1.2872086456070422,7.843137254901968,6.555928609294925
2025-11-28,170513.65988894264,149346.6564181399,150535.8615004122,513100,1.2957045119607056,8.004446914952759,6.708742402992053
2025-12-01,169899.35437210137,148808.6087624904,149711.45919208572,513100,1.4817038415436459,8.035714285714281,6.554010444170635
2025-12-02,170250.38609601065,149116.06456571867,149381.69826875514,513100,1.9152853279750728,7.300884955752205,5.3855996277771325
2025-12-03,172444.3343704438,151037.66333589546,151360.26380873864,513100,1.8833801180166905,8.503589177250145,6.620209059233455
2025-12-04,172444.3343704438,151037.66333589546,151277.823577906,513100,1.9851750100598267,8.683628318584072,6.698453308524245
2025-12-05,172268.81850848914,150883.93543428133,151112.9431162407,513100,1.9404147684708493,8.03522289488168,6.094808126410832
2025-12-08,171303.48126773856,150038.43197540354,150535.8615004122,513100,1.7380884866340551,7.666850523993382,5.928762037359327
2025-12-09,169197.29092428277,148193.6971560338,148062.6545754328,513100,2.1539648470038566,6.167400881057262,4.013436034053405
2025-12-10,170601.41781991997,149423.52036894695,148887.05688375927,513100,2.44911041123508,6.637410861217773,4.188300449982693
2025-12-11,168319.71161450952,147425.05764796308,147485.57295960427,513100,2.012861364729804,5.674931129476583,3.662069764746779
2025-12-12,168582.9854074415,147655.64950038432,148062.6545754328,513100,1.8228919030862842,7.98201236649804,6.159120463411756
2025-12-15,166915.5847188723,146195.23443504996,146578.73042044518,513100,1.8505945693449375,7.457627118644061,5.607032549299124
2025-12-16,164370.6047205299,143966.1798616449,144435.28441879636,513100,1.762534302934879,5.640157924421889,3.8776236214870097
2025-12-17,166652.31092594034,145964.64258262873,146331.4097279472,513100,1.8526404599788568,9.200690051753876,7.348049591775019
2025-12-18,164809.3943754165,144350.49961568022,144765.04534212695,513100,1.7850485350048704,6.402266288951841,4.617217753946971
2025-12-19,168144.19575255486,147271.32974634896,146248.9694971146,513100,2.8351602145072787,7.218802462227197,4.383642247719918
2025-12-22,170689.1757508973,149500.38431975403,149546.57873042044,513100,2.10162474889115,8.32637148426622,6.22474673537507
2025-12-23,169811.59644112404,148731.7448116833,148474.85572959602,513100,2.294650779566501,7.309228039041711,5.01457725947521
2025-12-24,169636.0805791694,148578.0169100692,148309.97526793074,513100,2.3002362456154604,6.990645929041904,4.690409683426443
2025-12-25,169372.8067862374,148347.42505764795,147485.57295960427,513100,2.72534269312885,6.94298221311021,4.21763951998136
2025-12-26,169285.0488552601,148270.56110684088,147155.81203627368,513100,2.900650838607585,6.988352745424299,4.087701906816714
2025-12-29,168144.19575255486,147271.32974634896,146084.0890354493,513100,2.961917045373677,6.812353662615668,3.850436617241991
2025-12-30,167968.6798906002,147117.6018447348,146001.64880461662,513100,2.915827968867136,6.939322829366403,4.023494860499267
2025-12-31,167091.10058082695,146348.9623366641,145259.6867271228,513100,2.9063776968354054,7.358330983930072,4.451953287094667
2026-01-05,169372.8067862374,148347.42505764795,147155.81203627368,513870,3.002424888507739,8.274894810659186,5.272469922151447
2026-01-06,169562.58023921915,147963.1053036126,147320.692497939,513870,2.584611431227441,7.075314273000332,4.490702841772891
2026-01-07,169467.6935127283,147501.92159877016,147238.25226710635,513870,2.3054390088321988,6.664443332777506,4.359004323945308
2026-01-08,168329.05279483763,145964.64258262873,146248.9694971146,513870,1.9061197229041245,6.1486864169927395,4.242566694088615
2026-01-09,168329.05279483763,146272.09838585704,146248.9694971146,513870,2.1103246940466933,5.4060042095934495,3.295679515546756
2026-01-12,167854.61916238317,145503.45887778632,145836.76834295134,513870,1.8492764315951242,4.799867131705696,2.950590700110572
2026-01-13,169372.8067862374,147194.46579554188,147155.81203627368,513870,2.1421961680631814,6.217760275112324,4.075564107049143
2026-01-14,168139.27934185584,146733.28209069945,146084.0890354493,513870,2.593469643859489,7.000728658707472,4.407259014847983
2026-01-15,168423.9395213285,146118.37048424289,146331.4097279472,513870,1.9641491935798312,6.296130619548201,4.33198142596837
2026-01-16,167949.50588887406,146348.9623366641,145919.208573784,513870,2.424165272626511,6.523441870873885,4.099276598247374
2026-01-19,166336.43153852894,145042.2751729439,144517.724649629,513870,2.477696927233491,5.619612672114633,3.141915744881142
2026-01-20,165387.56427362005,144196.7717140661,143693.32234130256,513870,2.5051137801014223,7.347219043259318,4.842105263157896
2026-01-21,164533.58373520203,144119.90776325902,142951.36026380872,513870,2.9526827088667638,5.848481427119787,2.8957987182530234
2026-01-22,167285.29880343782,146118.37048424289,145342.12695795545,513870,2.67653310215702,6.504566082133459,3.828032979976439
2026-01-23,166905.75189747426,145349.73097617217,145012.36603462487,513870,2.352016420728837,5.719237435008669,3.367221014279832
2026-01-26,165861.99790607448,144657.95541890853,144105.52349546578,513870,2.4973657643613576,4.9052396878483755,2.407873923487018
2026-01-27,167569.9589829105,145580.32282859337,145589.4476504534,513870,2.091844410289686,4.635103032981595,2.5432586226919094
2026-01-28,169183.03333325562,146425.82628747117,146990.9315746084,513870,1.7187219319435592,5.05707825511499,3.338356323171431
2026-01-29,167949.50588887406,145349.73097617217,145919.208573784,513870,1.7058089509475898,4.8226164079822595,3.1168074570346698
2026-01-30,166526.20499151072,144581.09146810145,144682.60511129428,513870,2.058810423637762,5.74544636833821,3.686635944700448
2026-02-02,162825.62265836602,140891.62182936203,141467.4361088211,513870,1.6486877340667085,2.2879464285714244,0.6392586945047158
2026-02-03,166715.97844449247,143889.31591083782,144847.4855729596,513870,1.4539566069025192,6.236876454230753,4.782919847328234
2026-02-04,165008.0173676565,142428.90084550346,143363.56141797197,513870,1.477216583996337,7.159380060143413,5.6821634761470765
2026-02-05,163584.71647029315,141429.66948501152,142126.95795548227,513870,1.658418327356836,7.835667819258053,6.177249491901217
2026-02-06,160833.00140205736,139354.3428132206,139736.19126133554,513870,1.8218298768535264,4.004130335016054,2.1823004581625276
2026-02-09,163869.37664976582,141967.71714066103,142374.27864798022,513870,1.8349886357548684,5.248162288449489,3.4131736526946206
2026-02-10,163774.48992327493,141737.12528823983,142291.83841714755,513870,1.7323688901883916,5.752136261971673,4.019767371783281
2026-02-11,163679.60319678404,141506.5334358186,142209.3981863149,513870,1.623758612031731,5.308317126186935,3.684558514155204
